<?xml version="1.0" encoding="UTF-8"?>
<!DOCTYPE mapper
        PUBLIC "-//mybatis.org//DTD Mapper 3.0//EN"
        "https://mybatis.org/dtd/mybatis-3-mapper.dtd">
<mapper namespace="com.ict.finalproject.dao.CrewDAO">

    <select id="usercodeSelect" resultType="int">
        select usercode
        from   user_tbl
        where  username = '${param1}'
    </select>

    <update id="crew_write_hit_update">
        update crew_write
        set
            hits=hits+1
        where create_crew_code = ${param1}
    </update>

    <select id="totalRecord" resultType="int">
        select count(b.create_crew_code)
        from  create_crew_tbl a, crew_write b
        where a.create_crew_code = b.create_crew_code
    </select>

    <select id="crew_name_check" resultType="int">
        select count(1)
        from  create_crew_tbl
        where crew_name = '${param1}'
    </select>

    <select id="crew_page_select" resultType="com.ict.finalproject.vo.CrewVO">
        select a.create_crew_code,a.crew_name,
               (select count(crew_write_code)from crew_write where create_crew_code=a.create_crew_code)as a_n
        from   create_crew_tbl a
        where  a.usercode = ${param1}
    </select>

    <select id="crewSelectPaging" resultType="com.ict.finalproject.vo.CrewVO">
        select a.create_crew_code ,a.crew_name, a.logo, concat(a.addr,' ',a.addr_gu) as addr, b.gender, b.hits, b.age, b.content
        ,(select count(1) from crew_member_tbl where create_crew_code = a.create_crew_code) as num
        ,(select count(1) from crew_request_tbl where create_crew_code=a.create_crew_code) as a_n
        from  create_crew_tbl a, crew_write b
        where a.create_crew_code = b.create_crew_code
        group by a.create_crew_code ,a.crew_name, a.logo,concat(a.addr,' ',a.addr_gu), b.gender, b.hits, b.age, b.content, b.writedate ,a.create_crew_code
        order by b.writedate desc
        limit 10 offset #{offset}
    </select>

    <select id="search_crewList" resultType="com.ict.finalproject.vo.CrewVO">
        select a.create_crew_code ,a.crew_name, a.logo, concat(a.addr,' ',a.addr_gu) as addr, b.gender, b.hits, b.age, b.content
        ,(select count(1) from crew_member_tbl where create_crew_code = a.create_crew_code) as num
        ,(select count(1) from crew_request_tbl where create_crew_code = a.create_crew_code) as a_n
        from create_crew_tbl a, crew_write b
        where a.create_crew_code = b.create_crew_code
        and b.gender like ifnull(concat('%', '${param3}', '%'), '%')
        and b.age like ifnull(concat('%', '${param4}', '%'), '%')
        and concat(a.addr,' ',a.addr_gu) like ifnull(concat('%', '${param5}', '%'), '%')
        and concat(a.addr,' ',a.addr_gu) like ifnull(concat('%', '${param6}', '%'), '%')
        and instr(concat(concat(a.addr,' ',a.addr_gu), '@', b.age, '@', b.gender, '@', b.content, '@', a.crew_name), ifnull('${param7}', '')) > 0
        group by a.create_crew_code, a.crew_name, a.logo, concat(a.addr,' ',a.addr_gu), b.gender, b.hits, b.age, b.content, b.writedate, a.create_crew_code
        order by ${param2} desc
        limit 10 offset ${param1}
    </select>
    <insert id="crew_insert">
        insert into create_crew_tbl
        (
            crew_name
            ,logo
            ,addr
            ,addr_gu
            ,gender
            ,content
            ,age
            ,usercode
        )
        values
        (
            '${param1}'
            ,'${param2}'
            ,'${param3}'
            ,'${param4}'
            ,'${param5}'
            ,'${param6}'
            ,'${param7}'
            ,${param8}
        );
    </insert>
    <select id="crew_page_write_detail" resultType="com.ict.finalproject.vo.CrewVO">
        select addr,addr_gu,age,gender,crew_name
        from   create_crew_tbl a
        where  create_crew_code = ${param1};
    </select>

    <insert id="crew_write_add">
        insert into crew_write
        (
             create_crew_code
            ,usercode
            ,teamPhoto
            ,age
            ,gender
            ,content
            ,writedate
            ,hits
        )
        values
        (
             ${param1}
            ,${param2}
            ,'${param3}'
            ,'${param4}'
            ,'${param5}'
            ,'${param6}'
            ,now()
            ,0
        );
    </insert>

    <select id="crew_write_detail_select" resultType="com.ict.finalproject.vo.CrewVO">
        select a.logo, a.crew_name, a.usercode, concat(a.gender,'·',a.age) as a_s, b.teamPhoto as b_s, b.age, b.gender, b.content,b.hits,DATE_FORMAT(b.writedate, '%Y.%m.%d') AS writedate
        ,(select count(1)from crew_request_tbl where create_crew_code=a.create_crew_code)as a_n, ${param1} as b_n
        ,(select count(1)from crew_request_tbl where create_crew_code=a.create_crew_code and usercode=${param1})as c_n
        from   create_crew_tbl a, crew_write b
        where  a.create_crew_code = b.create_crew_code
        and    a.create_crew_code=${param2}
    </select>
    <select id="crew_join_select" resultType="int">
        select count(1)
        from   crew_request_tbl
        where  create_crew_code = ${param2}
        and    usercode = ${param1}
    </select>
    <select id="join_before_select" resultType="int">
        select count(1)
        FROM user_tbl u
        JOIN crew_write cw ON
        (cw.gender = '성별무관' OR
        (cw.gender = '남자' AND u.gender = '남') OR
        (cw.gender = '여자' AND u.gender = '여'))
        WHERE cw.crew_write_code = ${param2}
        AND (
        (cw.age LIKE '%10대%' AND TIMESTAMPDIFF(YEAR, u.birthdate, CURDATE()) BETWEEN 10 AND 19)
        OR
        (cw.age LIKE '%20대%' AND TIMESTAMPDIFF(YEAR, u.birthdate, CURDATE()) BETWEEN 20 AND 29)
        OR
        (cw.age LIKE '%30대%' AND TIMESTAMPDIFF(YEAR, u.birthdate, CURDATE()) BETWEEN 30 AND 39)
        OR
        (cw.age LIKE '%40대%' AND TIMESTAMPDIFF(YEAR, u.birthdate, CURDATE()) BETWEEN 40 AND 49)
        OR
        (cw.age LIKE '%50대%' AND TIMESTAMPDIFF(YEAR, u.birthdate, CURDATE()) BETWEEN 50 AND 59)
        OR
        (cw.age LIKE '%60대%' AND TIMESTAMPDIFF(YEAR, u.birthdate, CURDATE()) >= 60)
        )
        and u.usercode = ${param1};
    </select>
    <insert id="crew_join_write">

        insert into crew_request_tbl
        (
            usercode
            ,create_crew_code
            ,content
        )
        values
        (
             ${param1}
            ,${param2}
            ,'${param3}'
        )
    </insert>
    <delete id="crew_join_delete">
        delete from   crew_request_tbl
        where  create_crew_code = ${param2}
        and    usercode = ${param1}
    </delete>
</mapper>