<?xml version="1.0" encoding="UTF-8"?>
<!DOCTYPE mapper
        PUBLIC "-//mybatis.org//DTD Mapper 3.0//EN"
        "https://mybatis.org/dtd/mybatis-3-mapper.dtd">
<mapper namespace="com.ict.finalproject.dao.MemberDAO">
    <select id="findByUsername" parameterType="String" resultType="com.ict.finalproject.vo.MemberVO">
        SELECT * FROM user_tbl WHERE username = #{username}
    </select>

    <select id="existsByUsername" parameterType="String" resultType="Boolean">
        SELECT EXISTS(SELECT 1 FROM user_tbl WHERE username = #{username})
    </select>

    <insert id="saveUser" parameterType="com.ict.finalproject.vo.MemberVO">
        INSERT INTO user_tbl(username, password, role,name,nickname,addr,addr_details,zip_code,birthdate,gender,tel,is_info_disclosure)
        VALUES(#{username}, #{password}, #{role},#{name},#{nickname},#{addr},#{addr_details},
        <if test="zip_code != null and zip_code != ''">
            #{zip_code}
        </if>
        <if test="zip_code == null or zip_code == ''">
            NULL
        </if>
        ,#{birthdate},#{gender},
        #{tel}, #{is_info_disclosure})
    </insert>
    <select id="idDoubleCheck"  resultType="int">
        select count(username) from user_tbl where username =#{param1}

    </select>
    <select id="nickCheck" resultType="int">
        select count(nickname) from user_tbl where nickname= #{param1}
    </select>
    <insert id="addPoint">
        insert into point_tbl (usercode) value((select usercode from user_tbl where username=#{param1}))
    </insert>
    <select id="selectUserCode" resultType="int">
        select usercode from user_tbl where username=#{param1}
    </select>
    <update id="addPointCode">
        update user_tbl set point_code=(select point_code from point_tbl where usercode =#{param1}) where usercode=#{param1}
    </update>

    <select id="getUsers" resultType="com.ict.finalproject.vo.MemberVO">
        select username,usercode from user_tbl where username=#{param1}
    </select>
    <select id="disableCheck" resultType="com.ict.finalproject.vo.MemberVO">
        select password,is_disabled,disabled_date ,disabled_start_date from user_tbl where username=#{param1}
    </select>
    <update id="enableUser">
        update user_tbl set is_disabled=0 ,disabled_date=null where username=#{param1}
    </update>
    <insert id="addpoint_change_code">
        INSERT INTO point_change_tbl (point_code)
        SELECT point_code FROM point_tbl WHERE usercode = #{param1}

    </insert>

</mapper>
