<?xml version="1.0" encoding="UTF-8"?>
<!DOCTYPE mapper
        PUBLIC "-//mybatis.org//DTD Mapper 3.0//EN"
        "https://mybatis.org/dtd/mybatis-3-mapper.dtd">
<mapper namespace="com.ict.finalproject.dao.MypageDAO">
    <select id="selectMember" resultType="com.ict.finalproject.vo.MemberVO">
        SELECT u.*, p.mypoint
        FROM user_tbl u
        LEFT JOIN point_tbl p ON u.usercode = p.usercode
        WHERE username=#{username}
    </select>
    <update id="updateProfile">
        update user_tbl set profile_img = #{param2} where username = #{param1}
    </update>
    <select id="getProfileImg" resultType="String">
        select profile_img
        from user_tbl
        where username=#{param1}
    </select>
    <update id="editProfile">
        update user_tbl
        set password=#{password}, nickname=#{nickname}, email=#{email}, addr=#{addr},
        addr_details=#{addr_details}, zip_code=#{zip_code}, tel=#{tel}, is_info_disclosure=#{is_info_disclosure}
        where username=#{username} and password=#{password}
    </update>
</mapper>